city,stadtteil_name,area_km,sentinel_2018_perc,sentinel_2024_perc,sentinel_net_change_perc,planet_2024_perc,method_diff_perc,sentinel_2018_area,sentinel_2024_area,sentinel_net_change_area,planet_2024_area,method_diff_area,mean_relative_lst_2023_2024
Hamburg,Allermöhe,8.63765374498439,0.248493551146784,0.263621267113686,0.0151277159669014,0.285639916950657,0.022018649836971,2.14640125266749,2.27706922514206,0.130667972474566,2.46725869836587,0.190189473223812,0.743110674018835
Hamburg,Alsterdorf,3.15534575159093,0.303849669523437,0.349478871127328,0.0456292016038908,0.409042260416667,0.0595633892893392,0.958750763853086,1.10272667128241,0.143975907429323,1.29066975862688,0.187943087344473,0.904216190977014
Hamburg,Altengamme,15.6081744898745,0.0493992385969926,0.0493857031552988,-1.35354416937e-05,0.0331336843952537,-0.0162520187600452,0.771031935688801,0.770820672153047,-0.0002112635357539,0.517156327533549,-0.253664344619498,-1.18067652887623
Hamburg,Altenwerder,6.69948426814265,0.544968932244178,0.547515153207738,0.0025462209635598,0.542137285909156,-0.0053778672985818,3.65101078819636,3.66806915548495,0.0170583672885841,3.63204021812194,-0.0360289373630076,3.38756243218598
Hamburg,Altona-Altstadt,2.71791727787271,0.48045817453394,0.510458803124379,0.0300006285904396,0.572770889202684,0.062312086078305,1.30584557386098,1.38738480065398,0.0815392267929978,1.55674389602649,0.169359095372517,1.69939585091147
Hamburg,Altona-Nord,2.21789334166184,0.599788132409731,0.605811171668559,0.0060230392588284,0.656831525162037,0.0510203534934782,1.33026610527933,1.34362456394805,0.0133584586687234,1.45678226625047,0.113157702302419,4.72438893055126
Hamburg,Bahrenfeld,10.5411432954605,0.390196337280728,0.409791291070192,0.0195949537894638,0.4262681421106,0.0164768510404073,4.11311550464,4.31966872040266,0.206553215762665,4.49335356827755,0.173684847874891,2.37566494406771
Hamburg,Barmbek-Nord,3.85125270389021,0.423818308237421,0.44383641429109,0.0200181060536693,0.478633803653106,0.0347973893620158,1.63223140555754,1.7093261906235,0.077094785065955,1.84333973049228,0.134013539868784,2.57299816120684
Hamburg,Barmbek-Süd,3.09173431553516,0.454592753751186,0.455948512715484,0.0013557589642971,0.529286731753589,0.0733382190381055,1.40548001636617,1.40967166287968,0.0041916465135118,1.63641395132002,0.226742288440344,2.76554716088731
Hamburg,Bergedorf,10.3590639566949,0.30728497678255,0.338127848007502,0.030842871224952,0.329314305322808,-0.008813542684694,3.18318472742195,3.50268800304933,0.319503275627384,3.41138795069352,-0.0913000523558061,1.70325097295488
Hamburg,Bergstedt,7.03932148448853,0.140104430051252,0.138367836266038,-0.0017365937852136,0.110665985871908,-0.0277018503941302,0.986240124531799,0.974015682589715,-0.0122244419420839,0.779013451950228,-0.195002230639488,-2.44666053174631
Hamburg,Billbrook,6.28861110775234,0.698536520037692,0.715549442634235,0.0170129225965439,0.788734555464698,0.0731851128304627,4.39282451907969,4.49981217309565,0.106987654015956,4.9600448865634,0.460232713467756,5.58729058701563
Hamburg,Billstedt,16.9238559568427,0.238115168091282,0.275811074533083,0.0376959064418006,0.258871804719038,-0.0169392698140441,4.02982680591624,4.66778689669989,0.637960090783651,4.38110913435291,-0.286677762346976,0.353013934601292
Hamburg,Billwerder,9.46935478328521,0.110088646767095,0.12043945416116,0.010350807394065,0.104224373124977,-0.0162150810361831,1.04246845384938,1.14048392135724,0.0980154675078532,0.9869375661859,-0.153546355171338,0.0917107476287555
Hamburg,Blankenese,7.73580907011748,0.146816658150717,0.184415228148205,0.0375985699974875,0.140661051562963,-0.0437541765852418,1.13574563576666,1.42660099457667,0.290855358810011,1.08812703849303,-0.338473956083635,-3.32208435847525
Hamburg,Borgfelde,0.82206943168482,0.540166052555554,0.554051793858503,0.0138857413029485,0.647551797041223,0.0935000031827199,0.444053999839777,0.455469043301214,0.0114150434614373,0.532332537780162,0.0768634944789474,3.97312182463682
Hamburg,Bramfeld,10.0658582058417,0.30963751451006,0.360075600529608,0.0504380860195472,0.365627579985585,0.0055519794559771,3.11676731626753,3.62446993831434,0.507702622046811,3.68035537627995,0.0558854379656127,1.26544293631755
Hamburg,Cranz,1.33358457219343,0.0948480454954836,0.114097714732494,0.0192496692370103,0.0905074305284879,-0.023590284204006,0.126487890175477,0.152158952089781,0.0256710619143033,0.12069931302166,-0.0314596390681207,-2.08698839087674
Hamburg,Curslack,10.5738425719232,0.0947246316437024,0.106448518693328,0.0117238870496258,0.114526435765091,0.0080779170717629,1.00160334268393,1.12556987867768,0.123966535993753,1.21098450210355,0.0854146234258728,-0.302845066443514
Hamburg,Dulsberg,1.22580280172841,0.401361214320409,0.407102654445564,0.0057414401251548,0.435007513579832,0.0279048591342682,0.491989701019073,0.499027574410444,0.0070378733913706,0.533233428919066,0.0342058545086224,2.77114568806272
Hamburg,Duvenstedt,6.78212414008748,0.116620338053995,0.119538926966016,0.0029185889120206,0.0864474188839511,-0.0330915080820649,0.790933609941164,0.810727842256371,0.0197942323152068,0.586297126461099,-0.224430715795272,-1.19735514873003
Hamburg,Eidelstedt,8.72229567580074,0.328572099381677,0.360543831028876,0.0319717316471987,0.297848652363744,-0.0626951786651327,2.86590300162558,3.1447698983198,0.278866896694223,2.59792401255536,-0.546845885764442,1.34068571008083
Hamburg,Eilbek,1.75136688552008,0.425044686737561,0.457171571590345,0.0321268848527843,0.51785974703453,0.0606881754441848,0.74440918921842,0.800675151484503,0.0562659622660831,0.906962412300081,0.106287260815578,3.36423107341883
Hamburg,Eimsbüttel,3.22552311091774,0.491301738213622,0.519826141747156,0.028524403533534,0.565844768338413,0.0460186265912573,1.5847051110421,1.67671123386465,0.0920061228225575,1.82514537746745,0.148434143602794,3.31035822062369
Hamburg,Eißendorf,8.33910414383885,0.164666293535623,0.186253362848901,0.0215870693132779,0.178789336639936,-0.0074640262089646,1.3731693707735,1.55318618993719,0.180016819163692,1.49094289804829,-0.0622432918888987,-1.08012672258762
Hamburg,Eppendorf,2.66985244609608,0.471004538799643,0.51197824797478,0.0409737091751377,0.574681726404744,0.0627034784299638,1.25751262003658,1.36690637770345,0.109393757666871,1.53431541296842,0.167409035264972,2.7886822296769
Hamburg,Farmsen-Berne,8.2264106677711,0.249643597611334,0.283372305774969,0.0337287081636343,0.27345044699879,-0.0099218587761791,2.05367075453064,2.3311369591781,0.277466204647459,2.24951567429762,-0.0816212848804787,0.285149537798878
Hamburg,Finkenwerder,19.642274017383,0.184768901350052,0.20368015732085,0.0189112559707984,0.19560490486712,-0.0080752524537297,3.62928139020851,4.00074146199981,0.371460071791292,3.8421251405441,-0.158616321455703,-2.21932829871994
Hamburg,Francop,8.81328654366254,0.0722987585735746,0.0976712385636652,0.0253724799900906,0.0746742767030337,-0.0229969618606314,0.637189676059992,0.860804612536004,0.223614936476012,0.65812579802458,-0.202678814511424,-1.81417674354934
Hamburg,Fuhlsbüttel,7.77444184135062,0.418713691817107,0.411278414883669,-0.0074352769334379,0.433191821216646,0.0219134063329776,3.2552652452093,3.19746011711595,-0.057805128093349,3.36782462019757,0.170364503081619,2.54876277748549
Hamburg,Groß Borstel,3.98570899234663,0.330429859748878,0.322341793002939,-0.0080880667459386,0.333257662481901,0.0109158694789616,1.31699726334094,1.28476058298095,-0.0322366803599875,1.32826806212253,0.0435074791415795,1.75847059616958
Hamburg,Groß Flottbek,2.37077102139023,0.316127843574712,0.341339663628199,0.0252118200534865,0.31546733281387,-0.0258723308143285,0.749466730601511,0.809238182980822,0.059771452379311,0.747900810830391,-0.0613373721504316,1.08211176778978
Hamburg,Gut Moor,1.98591670279575,0.0451771912037535,0.0380056456464397,-0.0071715455573137,0.0347887869437004,-0.0032168587027393,0.0897181385969314,0.0754760464898013,-0.0142420921071301,0.0690876330614974,-0.0063884134283038,-1.96006166680831
Hamburg,HafenCity,2.42762662741223,0.572018595698089,0.572190287539685,0.0001716918415961,0.624825162254997,0.0526348747153118,1.38864757429163,1.389064377978,0.0004168036863682,1.5168422013674,0.127777823389397,-0.379438619975668
Hamburg,Hamburg-Altstadt,1.30031851995273,0.820927916936579,0.845794754057834,0.0248668371212555,0.875702029773647,0.0299072757158129,1.06746777393885,1.09980258278026,0.0323348088414165,1.13869156727487,0.0388889844946039,4.0927979574909
Hamburg,Hamm,3.88889042254296,0.427890879079973,0.44764666842992,0.0197557893499471,0.472138413059903,0.0244917446299826,1.6640207415476,1.74084884154038,0.0768280999927855,1.83609455266329,0.0952457111229073,2.77921843930978
Hamburg,Hammerbrook,2.49577921009154,0.763590542390832,0.777168203655377,0.013577661264545,0.844178026608908,0.0670098229535308,1.90575340072156,1.93964024542728,0.0338868447057165,2.10688196842661,0.167241722999337,5.40675630433825
Hamburg,Harburg,3.99071678825361,0.510576044891352,0.545276407974373,0.0347003630830217,0.610501872537822,0.0652254645634487,2.03756439402804,2.17604371554195,0.13847932151391,2.43634007199695,0.260296356454995,3.88702191262126
Hamburg,Harvestehude,2.05000118812304,0.397983607451749,0.42503647754063,0.027052870088881,0.488451309613417,0.0634148320727869,0.81586686812958,0.871325283953925,0.0554584158243443,1.00132576504776,0.130000481093836,0.786722605995581
Hamburg,Hausbruch,9.83490413476626,0.205363936208461,0.223108839062812,0.0177449028543506,0.194593104237967,-0.028515734824845,2.01973462534847,2.19425404380175,0.174519418453279,1.91380452546698,-0.280449518334766,-0.253651150348787
Hamburg,Heimfeld,13.0042888660438,0.231142657328288,0.246540395775421,0.0153977384471326,0.26421818956573,0.0176777937903086,3.00584588516204,3.20608252381234,0.200236638650301,3.43596966077587,0.229887136963528,-0.841924180990809
Hamburg,Hoheluft-Ost,0.565524396559085,0.563011430807224,0.620796538362832,0.057785107555608,0.725487907642205,0.104691369279373,0.318396699663123,0.35107558774361,0.032678888080487,0.410281111180271,0.0592055234366615,3.92187898698077
Hamburg,Hoheluft-West,0.719591261752894,0.567959387304482,0.596209217216913,0.0282498299124307,0.666833580622925,0.0706243634060125,0.408698612134833,0.429026942885824,0.0203283307509907,0.479847617659651,0.0508206747738275,4.21465532795153
Hamburg,Hohenfelde,1.15479280890918,0.461557172725385,0.504619859443308,0.0430626867179235,0.573545595745271,0.0689257363019632,0.533002903963725,0.582731384917891,0.0497284809541667,0.662326329548169,0.0795949446302772,2.53974339624965
Hamburg,Horn,5.89767355027385,0.307652028537579,0.358373088294873,0.0507210597572937,0.379398761076569,0.0210256727816963,1.81443123139418,2.11356748396663,0.29913625257245,2.23757003820795,0.124002554241323,1.76361258706548
Hamburg,Hummelsbüttel,9.08358167534554,0.184319757140782,0.197765113097602,0.0134453559568197,0.179509713610319,-0.0182553994872825,1.67428356836815,1.79641555735601,0.122131988987866,1.63059114509722,-0.165824412258792,-0.782992714023072
Hamburg,Iserbrook,2.67012771689902,0.27972877437576,0.362094630409078,0.0823658560333175,0.268606259197535,-0.0934883712115425,0.746911553674908,0.966838908795583,0.219927355120675,0.7172130176159,-0.249625891179684,1.30741824689231
Hamburg,Jenfeld,4.99123356788815,0.310839630962882,0.379969366104847,0.0691297351419649,0.391830439915258,0.0118610738104113,1.5514732002919,1.89651585487169,0.345042654579792,1.95571724462541,0.0592013897537241,1.15193763301224
Hamburg,Kirchwerder,32.3079249443866,0.0897477822382958,0.0972059175891456,0.0074581353508497,0.0987021728152185,0.0014962552260729,2.89956461248001,3.14052148962034,0.240956877140329,3.18886239116196,0.0483409015416107,-1.01399466268306
Hamburg,Kleiner Grasbrook,4.47163388181345,0.526686413711103,0.526067470533603,-0.0006189431775001,0.579426545486866,0.0533590749532633,2.35514881264138,2.35238112535796,-0.0027676872834267,2.59098337282119,0.238602247463235,1.58050664633385
Hamburg,Langenbek,0.793492584245171,0.23862534445002,0.287002940660938,0.0483775962109181,0.30224737946795,0.0152444388070121,0.18934744123404,0.227734705071011,0.0383872638369708,0.239831054215355,0.0120963491443434,1.02711863489605
Hamburg,Langenhorn,13.3671368488517,0.247447796174062,0.264368189303797,0.0169203931297351,0.246395518077485,-0.0179726712263115,3.30766855440543,3.53384576490697,0.226177210501538,3.29360260908545,-0.240243155821524,-0.0409069381103436
Hamburg,Lemsahl-Mellingstedt,8.00229305392413,0.116903696984815,0.107002377965746,-0.0099013190190691,0.0753544056801046,-0.0316479722856416,0.935497642359639,0.856264385948655,-0.0792332564109836,0.603008037156482,-0.253256348792173,-1.83822941991779
Hamburg,Lohbrügge,13.044965409726,0.207701343882913,0.225014730058853,0.0173133861759397,0.200056830705869,-0.0249578993529838,2.70945684650621,2.93530937029657,0.225852523790362,2.60973443653747,-0.325574933759097,0.689692895472963
Hamburg,Lokstedt,4.89612555061534,0.37541008892851,0.411095173666862,0.035685084738352,0.401974393638988,-0.0091207800278733,1.83805492836165,2.01277358352497,0.174718655163318,1.96811709938896,-0.0446564841360129,1.91227059521328
Hamburg,Lurup,6.29226269851894,0.340433277238784,0.399222457149192,0.0587891799104081,0.329131860031581,-0.0700905971176109,2.14209561170416,2.51201257553094,0.36991696382678,2.07098412577087,-0.441028449760062,2.22224026170597
Hamburg,Marienthal,3.21324128256236,0.315404367470158,0.346495953529009,0.0310915860588509,0.388640000178406,0.0421440466493966,1.01347033425558,1.11337510212022,0.0999047678646403,1.2487940926283,0.135418990508075,0.739361022910211
Hamburg,Marmstorf,5.84345447082963,0.151779110998156,0.17656894696111,0.0247898359629546,0.16467395299475,-0.0118949939663598,0.886914324740719,1.03177260252958,0.14485827778886,0.962264746856362,-0.0695078556732169,-0.572776650408812
Hamburg,Moorburg,9.9985762077951,0.176624815408125,0.20382949479017,0.0272046793820452,0.234660344578983,0.0308308497888128,1.76599667704588,2.03800473705589,0.272008060010011,2.34626933822042,0.308264601164528,0.71988455036019
Hamburg,Moorfleet,4.37256854101566,0.236954057191014,0.262115917329191,0.0251618601381772,0.319198155306037,0.0570822379768456,1.03609785613945,1.14611981421308,0.110021958073629,1.39571581224141,0.249595998028325,0.796529116397532
Hamburg,Neuallermöhe,4.20424403294224,0.24227223119719,0.269299994100723,0.0270277629035332,0.260171570519954,-0.0091284235807693,1.01857158235839,1.13220289326935,0.113631310910957,1.09382477289973,-0.0383781203696186,1.27940365022668
Hamburg,Neuenfelde,15.6754046867942,0.0883193295836276,0.119930732560942,0.031611402977314,0.0997421031336896,-0.020188629427252,1.38444123288972,1.87996276727645,0.495521534386729,1.56349783093255,-0.316464936343898,-1.39306160484595
Hamburg,Neuengamme,18.6171855416293,0.0763993097605722,0.0804624572106857,0.0040631474501135,0.0744983510670912,-0.0059641061435945,1.42234012506498,1.49798449502675,0.0756443699617617,1.38694962436148,-0.111034870665271,-0.718813132090093
Hamburg,Neugraben-Fischbek,22.5234115751701,0.161574134937389,0.158976269485546,-0.0025978654518422,0.114835049395915,-0.0441412200896312,3.63920074109688,3.58068794830812,-0.0585127927887586,2.58647708079919,-0.994210867508932,-0.240299504489477
Hamburg,Neuland,8.08451833233345,0.175824342043759,0.156788551830358,-0.019035790213401,0.165208788778031,0.0084202369476731,1.42145511652324,1.26755992157254,-0.153895194950694,1.3356334815386,0.0680735599660551,-1.24976589352978
Hamburg,Neustadt,2.26164280821226,0.605408430063468,0.631754944593912,0.0263465145304446,0.695664403323988,0.063909458730076,1.36921762188412,1.42880402699336,0.0595864051092398,1.57334439470697,0.144540367713615,2.07219543742662
Hamburg,Niendorf,12.417822297229,0.248725503790975,0.274486591269202,0.0257610874782273,0.222218862726493,-0.0522677285427087,3.08862910686508,3.40852571335308,0.319896606487998,2.75947434842992,-0.64905136492316,-0.0052468755840195
Hamburg,Nienstedten,4.37945005704698,0.151345719337084,0.200163994763476,0.0488182754263918,0.14440649045289,-0.0557575043105858,0.662811019184608,0.876608218285655,0.213797199101047,0.632421012851863,-0.244187205433792,-2.49615240480936
Hamburg,Ochsenwerder,14.0997624012104,0.126790374479024,0.138711360665353,0.011920986186329,0.153143750360163,0.0144323896948095,1.78771415491473,1.95579722773008,0.16808307281535,2.15929049330857,0.203493265578491,-0.692716965727083
Hamburg,Ohlsdorf,7.16070616725621,0.165055959591282,0.167888981588469,0.0028330219971871,0.173048472956333,0.0051594913678643,1.18191722778769,1.20220366587492,0.0202864380872304,1.23914926753269,0.0369456016577712,-2.19741514887246
Hamburg,Osdorf,7.25088009562218,0.257095033810686,0.295512735570203,0.0384177017595177,0.233428152277003,-0.0620845832932006,1.86416526334121,2.14272741234885,0.278562149007636,1.69255954310318,-0.450167869245665,1.07611661034628
Hamburg,Othmarschen,5.9469135010555,0.222029809338073,0.253278673837906,0.0312488644998329,0.233425017958474,-0.0198536558794317,1.32039207078937,1.50622636497608,0.18583429418671,1.38815839078137,-0.118067974194703,-1.44805617278016
Hamburg,Ottensen,2.79503563732351,0.478890406197662,0.521692072833093,0.0428016666354307,0.544534061325206,0.0228419884921131,1.3385157516948,1.45814793527766,0.119632183582869,1.52199210714045,0.0638441718627894,2.19568082520447
Hamburg,Poppenbüttel,8.10535352960861,0.261436519096441,0.283361159449506,0.0219246403530645,0.278258290430053,-0.0051028690194529,2.11903541282693,2.29674237389804,0.17770696107111,2.25538181648009,-0.0413605574179534,-0.242053364034621
Hamburg,Rahlstedt,26.565927037778,0.214494255540167,0.246282158136125,0.0317879025959578,0.231169612399021,-0.0151125457371036,5.69823874270257,6.54271384375078,0.844475101048206,6.1412350563438,-0.401478787406977,-0.303191208171325
Hamburg,Reitbrook,6.93716435373814,0.0883579081234366,0.0562769055435307,-0.0320810025799059,0.041091790405286,-0.0151851151382447,0.612953330604773,0.390402143075269,-0.222551187529504,0.285060503630829,-0.10534163944444,-0.449622166281696
Hamburg,Rissen,16.7038448735453,0.0989361561975364,0.101905148487001,0.0029689922894646,0.0639180113329269,-0.0379871371540742,1.6526142055085,1.70220779214247,0.0495935866339698,1.06767654593072,-0.634531246211746,-2.921263932971
Hamburg,Rönneburg,2.24762861602978,0.173795732014986,0.203076915722752,0.0292811837077655,0.174413917543789,-0.0286629981789633,0.390628260620726,0.456441487033524,0.0658132264127986,0.392017712105277,-0.0644237749282472,0.504370502747742
Hamburg,Rothenburgsort,7.1906106061606,0.332449654798837,0.343277595075784,0.0108279402769478,0.374109906121539,0.0308323110457542,2.39051601381094,2.46837551600924,0.0778595021982946,2.69007865882728,0.221703142818043,-0.0651651295306074
Hamburg,Rotherbaum,2.73531702559234,0.413719453099727,0.447211862834185,0.0334924097344577,0.516725890104962,0.0695140272707765,1.13165386388244,1.22326622245721,0.0916123585747768,1.41340912476846,0.190142902311245,0.0861969720735587
Hamburg,Sasel,8.36307885641652,0.259741864461195,0.296556405642535,0.0368145411813396,0.27750629597584,-0.0190501096666952,2.17224169480163,2.48012460576397,0.307882910962336,2.32080703639801,-0.159317569365954,-0.261447723207016
Hamburg,Schnelsen,8.95078081319384,0.284060782823898,0.323174832121935,0.0391140492980369,0.245131671112456,-0.0780431610094797,2.54256580468097,2.89266708666416,0.350101281983186,2.19411985849951,-0.698547228164648,0.570444857590154
Hamburg,Sinstorf,2.51663868867395,0.18572807956101,0.20528026419114,0.01955218463013,0.197008549153849,-0.0082717150372908,0.46741047059635,0.516616254884632,0.0492057842882813,0.4957993368001,-0.0208169180845321,-0.1609287733074
Hamburg,Spadenland,3.41967898252918,0.0975423898568034,0.108387038512746,0.0108446486559424,0.167552728852794,0.0591656903400486,0.333563660498978,0.370648877580617,0.0370852170816396,0.572976545323311,0.202327667742694,-0.971255349023676
Hamburg,St. Georg,1.82263731831461,0.539759638903203,0.570347518439201,0.0305878795359976,0.638898233422479,0.0685507149832784,0.983786060784999,1.03953667151542,0.0557506107304212,1.16447976284109,0.124943091325672,2.09535599462934
Hamburg,St. Pauli,2.2430494939644,0.684667529107374,0.707440475005805,0.022772945898431,0.77342306186848,0.0659825868626751,1.53574315469815,1.58682399947171,0.0510808447735544,1.73482620754449,0.148002208072786,3.10888745816395
Hamburg,Steilshoop,2.49837995922173,0.312663707665605,0.339952581433002,0.0272888737673968,0.352097218927803,0.0121446374948008,0.78115274120771,0.849330716537905,0.0681779753301958,0.879672635466928,0.030341918929023,0.943291826710433
Hamburg,Steinwerder,7.42677997238089,0.492987561892437,0.484854931512265,-0.0081326303801725,0.531560255006518,0.046705323494253,3.66131015129564,3.6009108948654,-0.0603992564302418,3.94778105599609,0.346870161130689,0.544884210905094
Hamburg,Stellingen,6.08906669220627,0.440727648918412,0.467161771308693,0.0264341223902816,0.454334530855807,-0.0128272404528865,2.68362004736348,2.84457918154785,0.160959134184368,2.76647325895325,-0.0781059225945922,3.32159217863812
Hamburg,Sternschanze,0.54846074705367,0.54850057563746,0.580728677813381,0.0322281021759205,0.6389630743838,0.0582343965704193,0.300831035473489,0.318506884469017,0.0176758489955274,0.350446165116248,0.0319392806472318,4.21110699324899
Hamburg,Sülldorf,5.73616918140838,0.117860295420641,0.132033862435179,0.0141735670145381,0.102645915724014,-0.0293879467111655,0.676066594303568,0.757368572602989,0.0813019782994201,0.588794338373529,-0.168574234229459,-0.915205527252407
Hamburg,Tatenberg,3.06583757284661,0.112420010192497,0.123383457784067,0.0109634475915706,0.133307079220842,0.009923621436775,0.344661491187955,0.378273640742127,0.0336121495541718,0.408697852201698,0.0304242114595709,-1.25881366110349
Hamburg,Tonndorf,3.94114133134062,0.373480997165504,0.416843112108227,0.043362114942723,0.428791495744546,0.0119483836363194,1.47194139439928,1.64283761781439,0.170896223415108,1.6899278864062,0.0470902685918125,1.85523400616129
Hamburg,Uhlenhorst,2.18057945846786,0.339073597585766,0.377105974738945,0.0380323771531789,0.427030136813198,0.0499241620742534,0.739376921804318,0.822309542181242,0.0829326203769243,0.931173144481579,0.108863602300337,-0.296682751581351
Hamburg,Veddel,4.37107073345937,0.549005934153964,0.566684515146654,0.0176785809926907,0.62391272823783,0.0572282130911761,2.39974377127591,2.47701809926215,0.0772743279862414,2.72716666663317,0.250148567371016,1.69394236353909
Hamburg,Volksdorf,11.576247869119,0.141131619419455,0.145368891251906,0.0042372718324511,0.112692193578591,-0.0326766976733156,1.63377460856978,1.68282631759107,0.0490517090212906,1.30455276578051,-0.378273551810565,-2.73626807705885
Hamburg,Waltershof,9.77690415949213,0.556311020924192,0.57116386102326,0.0148528400990681,0.567713566552911,-0.0034502944703495,5.43899953444505,5.5842143285899,0.14521479414485,5.55048113023126,-0.0337331983586327,1.40576047108418
Hamburg,Wandsbek,5.94364095559993,0.448234209402558,0.489564538696357,0.0413303292937988,0.549547664545405,0.059983125849048,2.664143204706,2.90979584260505,0.245652637899054,3.26631400604636,0.356518163441306,3.31103121751959
Hamburg,Wellingsbüttel,4.08633616077809,0.220522299910665,0.244126034092619,0.0236037341819538,0.217088989918369,-0.0270370441742499,0.901128248382903,0.997581040900015,0.0964527925171117,0.887098589610222,-0.110482451289792,-1.26789949480976
Hamburg,Wilhelmsburg,35.387024472646,0.305212564228761,0.319749344026982,0.0145367797982207,0.376912726214788,0.0571633821878058,10.8005644797222,11.3149778621953,0.514413382473103,13.3378198666144,2.0228420044191,0.57144666256097
Hamburg,Wilstorf,3.42280889805963,0.279147538571324,0.317855463517533,0.0387079249462094,0.325661541167451,0.0078060776499173,0.955468678893371,1.08795850882468,0.13248982993131,1.11467722086376,0.0267187120390816,1.24680077142479
Hamburg,Winterhude,7.58415112210912,0.331210410333679,0.362398348101766,0.0311879377680869,0.419236940963014,0.0568385928612475,2.5119498051864,2.7484838384065,0.236534033220106,3.17955631623423,0.431072477827734,0.520979951700192
Hamburg,Wohldorf-Ohlstedt,17.2884186376108,0.0799204286359765,0.0547543313718116,-0.0251660972641649,0.0221970489657949,-0.0325572824060167,1.38169782795606,0.946615802978345,-0.435082024977715,0.383751875040207,-0.562863927938138,-3.99040979480511
Leipzig,Althen-Kleinpösna,9.33413002991489,0.119891303036033,0.13992890312078,0.0200376000847477,0.23910795704208,0.0991790539212996,1.11908101199426,1.30611457667273,0.187033564678469,2.23186476221808,0.92575018554535,-0.913247315847096
Leipzig,Altlindenau,2.38189530364831,0.504116307722532,0.517260126747346,0.0131438190248139,0.751381976897673,0.234121850150327,1.20075226585682,1.23205946666403,0.0313072008072074,1.78971320201855,0.557653735354517,1.53129545648126
Leipzig,Anger-Crottendorf,1.8959748738202,0.426814788120715,0.468433933422568,0.0416191453018531,0.76261704584144,0.294183112418872,0.809230114051768,0.888138967813954,0.0789088537621855,1.44590275726236,0.557763789448405,0.984156470084972
Leipzig,Baalsdorf,3.89459298396366,0.166327221280896,0.193030061887584,0.0267028406066886,0.327563466677971,0.134533404790387,0.647776829042747,0.751773524721456,0.103996695678709,1.27572637912684,0.523952854405384,-0.13187135964542
Leipzig,Böhlitz-Ehrenberg,8.63538190229365,0.250291910734262,0.280867514383356,0.0305756036490942,0.478722429266216,0.19785491488286,2.16136623624515,2.42539825064824,0.264032014403091,4.13395100190753,1.7085527512593,-2.3492915403876
Leipzig,Burghausen-Rückmarsdorf,7.10371989705096,0.259971470646018,0.267654353993471,0.0076828833474536,0.562242432498568,0.294588078505096,1.84676450869371,1.90134155999574,0.0545770513020276,3.99401275470641,2.09267119471066,-1.52730157842823
Leipzig,Connewitz,7.34798457762203,0.212608316413653,0.233877907179355,0.0212695907657017,0.376568126435579,0.142690219256224,1.56224263008171,1.71853125500042,0.156288624918708,2.76701678547266,1.04848553047224,-2.54216841507735
Leipzig,Dölitz-Dösen,4.14557546775613,0.216147932698641,0.226107649057329,0.0099597163586875,0.434244716830262,0.208137067772933,0.89605756720169,0.937346323004074,0.0412887558023845,1.80019424509424,0.862847922090163,-1.642541773027
Leipzig,Engelsdorf,8.1960279574522,0.35725306557058,0.374062658621571,0.0168095930509917,0.599296959917196,0.225234301295624,2.92805611330197,3.0658280079013,0.137771894599322,4.91185463829744,1.84602663039615,1.31322761651453
Leipzig,Eutritzsch,4.62529333046381,0.591189327277888,0.622160090831678,0.0309707635537894,0.847265940230784,0.225105849399106,2.7344240524998,2.87767291860451,0.143248866104713,3.91885350247859,1.04118058387408,3.42892332946736
Leipzig,Gohlis-Mitte,1.29272882312586,0.635912300166667,0.632719706635429,-0.0031925935312376,0.920829870831264,0.288110164195834,0.822062159405714,0.817935001727358,-0.0041271576783561,1.19038331521884,0.37244831349148,2.5944912397197
Leipzig,Gohlis-Nord,2.0420179973988,0.406518743822135,0.390526778834807,-0.0159919649873282,0.66614543078554,0.275618651950733,0.830118591164753,0.797462710846858,-0.0326558803178957,1.36028095854905,0.562818247702193,0.667991374689831
Leipzig,Gohlis-Süd,1.98619561625423,0.580444534559798,0.59231037574744,0.011865841187642,0.879131219945429,0.286820844197989,1.1528763900214,1.17644427177146,0.0235678817500635,1.74612657516785,0.569682303396384,2.11590881809036
Leipzig,Großzschocher,15.356093967399,0.151006671449951,0.154469957921834,0.003463286471883,0.3341939007596,0.179723942837766,2.31887263648959,2.37205518898785,0.0531825524982581,5.13191294339603,2.75985775440818,-1.94031911018317
Leipzig,Grünau-Mitte,1.23679466619491,0.538947460049475,0.565593458114198,0.0266459980647225,0.861036164463903,0.295442706349706,0.666567343948488,0.699522972230377,0.0329556282818887,1.06492493560988,0.365401963379506,0.715988029111767
Leipzig,Grünau-Nord,0.950048586296218,0.427085261584494,0.475819154031063,0.0487338924465695,0.775797811125472,0.299978657094409,0.405751748996299,0.452051314619874,0.0462995656235753,0.737045613711455,0.284994299091581,0.21084482791868
Leipzig,Grünau-Ost,1.0499339015437,0.436592918903291,0.446075710926253,0.0094827920229618,0.706776138871371,0.260700427945118,0.458393706730484,0.468350011556679,0.0099563048261958,0.742068229003208,0.273718217446529,-0.0467657123446212
Leipzig,Grünau-Siedlung,1.57746672008959,0.523281677403021,0.56411355336212,0.040831875959099,0.898515930411098,0.334402377048978,0.825459431335923,0.889870356780228,0.064410925444305,1.41737897769384,0.527508620913615,0.615459120062674
Leipzig,Hartmannsdorf-Knautnaundorf,15.703415468576,0.154427798956116,0.168935109200915,0.0145073102447986,0.29610169934864,0.127166590147725,2.42504388690562,2.65285820701122,0.227814320105603,4.64980800582309,1.99694979881186,-1.08326188902993
Leipzig,Heiterblick,3.0739885652915,0.356374949855282,0.390398293492863,0.0340233436375812,0.523439968763024,0.13304167527016,1.09549252081147,1.20007989010638,0.104587369294908,1.60904847859407,0.408968588487697,1.03576167938375
Leipzig,Holzhausen,12.8598833453606,0.135181983836999,0.162440256835418,0.0272582729984193,0.310259947441644,0.147819690606225,1.73842454253824,2.0889627534939,0.350538210955665,3.98990673083726,1.90094397734336,-0.513658756442712
Leipzig,Kleinzschocher,3.03908703781989,0.348473828901504,0.353641704529749,0.005167875628245,0.608450902860156,0.254809198330406,1.05904229643403,1.07474792026889,0.0157056238348647,1.8491352520321,0.774387331763215,-0.0596603945357348
Leipzig,Knautkleeberg-Knauthain,8.32340986763248,0.158158657147752,0.173189996649132,0.0150313395013799,0.343248106911569,0.170058110262437,1.3164193275551,1.44153132708462,0.12511199952952,2.85699468011392,1.4154633530293,-1.72285795406547
Leipzig,Lausen-Grünau,3.73169813051462,0.252183007220155,0.277664426368613,0.0254814191484586,0.473360886559194,0.19569646019058,0.941070856591007,1.03615982079017,0.0950889641991623,1.76643993543169,0.730280114641518,-3.1056330460931
Leipzig,Leutzsch,4.55009504911595,0.323509310665719,0.338075653712239,0.0145663430465197,0.52816589071201,0.190090236999771,1.471998112803,1.5382763581827,0.0662782453796936,2.40320500444063,0.864928646257935,-1.41501942831131
Leipzig,Liebertwolkwitz,9.10490966728699,0.206249665868053,0.180603882129877,-0.0256457837381757,0.341326724939681,0.160722842809804,1.87788457663674,1.64438203235388,-0.233502544282867,3.10774899760671,1.46336696525284,-0.768018403291036
Leipzig,Lindenau,0.983040264736527,0.471297041834413,0.518609869038716,0.0473128272043028,0.769828508517857,0.251218639479142,0.463303968774443,0.509814382954795,0.0465104141803514,0.75677242081512,0.246958037860326,1.61998652111516
Leipzig,Lindenthal,12.7943673100373,0.210250452621542,0.168584219348396,-0.0416662332731466,0.285186846383466,0.11660262703507,2.69002151794162,2.15692842501928,-0.533093092922337,3.64878526462126,1.49185683960198,-1.38433805796835
Leipzig,Lößnig,1.74064653054062,0.425429797288134,0.437431134047543,0.0120013367594088,0.701080065871501,0.263648931823958,0.740522900638192,0.761412985830306,0.0208900851921147,1.22033258429042,0.458919598460115,0.270673516005016
Leipzig,Lützschena-Stahmeln,16.790363543849,0.240629093245819,0.287961967114616,0.0473328738687969,0.44314085645081,0.155178889336194,4.04024995482404,4.83498611465629,0.794736159832248,7.44049608094169,2.6055099662854,-0.684717565480575
Leipzig,Marienbrunn,1.20085495172783,0.496889193348598,0.506907690318598,0.0100184969700002,0.887060443102743,0.380152752784145,0.596691848292712,0.608722609988007,0.0120307616952951,1.06523092558181,0.456508315593807,1.17259695573174
Leipzig,Meusdorf,1.94411230579102,0.409796356752919,0.455359173546158,0.045562816793239,0.747542048478124,0.292182874931966,0.796690140031676,0.885269372845914,0.0885792328142377,1.45330569554255,0.568036322696635,0.378533149478978
Leipzig,Miltitz,3.01720182605974,0.177426453872818,0.201085748088854,0.0236592942160362,0.395767179299046,0.194681431210191,0.535331420616372,0.606716286328281,0.0713848657119092,1.19410945607559,0.587393169747313,-0.470252869856013
Leipzig,Mockau-Nord,4.49574069851835,0.460470098540795,0.494451102188807,0.0339810036480114,0.716071900436899,0.221620798248092,2.07015416246061,2.22292394353748,0.152769781076865,3.21927358585955,0.996349642322073,2.32895495478555
Leipzig,Mockau-Süd,1.26274976299004,0.486449793382496,0.510890866545789,0.0244410731632927,0.780832849887664,0.269941983341875,0.614264361300302,0.645127320644472,0.0308629593441701,0.985996496130487,0.340869175486015,2.3088984483158
Leipzig,Möckern,4.8601796204437,0.402961275685026,0.414358248343663,0.0113969726586368,0.673212044166281,0.258853795822618,1.95846417991236,2.01385551416262,0.0553913342502604,3.2719314572942,1.25807594313158,0.458722059416941
Leipzig,Mölkau,5.22935991895516,0.279556744857613,0.415163026842343,0.13560628198473,0.555133849595513,0.13997082275317,1.46190283663197,2.17103689240145,0.70913405576948,2.90299470273006,0.731957810328602,1.05909304099264
Leipzig,Neulindenau,2.49774219176656,0.60348144305078,0.668156389872922,0.0646749468221424,0.903162921665779,0.235006531792857,1.5073410622561,1.66888240568402,0.161541343427924,2.25586813548377,0.586985729799749,3.39763551711287
Leipzig,Neustadt-Neuschönefeld,0.849982933780168,0.654034676091043,0.67448220638736,0.0204475302963173,0.922950696334259,0.248468489946899,0.555918312777826,0.573298364567649,0.0173800517898226,0.784492340604643,0.211193976036994,3.86005217782257
Leipzig,Paunsdorf,3.92804087314812,0.520564555358835,0.543370202122576,0.0228056467637411,0.765408270655528,0.222038068532952,2.04479885056168,2.13438036318823,0.089581512626553,3.00655497178053,0.872174608592298,1.64805681160931
Leipzig,Plagwitz,1.72707991181275,0.717223294561242,0.758124402357705,0.0409011077964623,0.952483353331151,0.194358950973447,1.23870194432088,1.30934142596704,0.0706394816461577,1.64501486587427,0.335673439907238,4.20247582994081
Leipzig,Plaußig-Portitz,7.26712438984246,0.34529501694114,0.398464905661805,0.0531698887206656,0.530679511894052,0.132214606232247,2.50930183930402,2.89569403443118,0.386392195127158,3.85651402407495,0.960819989643777,3.20411652054689
Leipzig,Probstheida,4.85392908270922,0.255459431709862,0.273109472405204,0.0176500406953422,0.496477000246259,0.223367527841054,1.23998196502887,1.32565401087099,0.0856720458421226,2.40986415039155,1.08421013952056,-0.731462119956945
Leipzig,Reudnitz-Thonberg,2.02955487179663,0.632650229756628,0.674768578468733,0.042118348712105,0.957187026568983,0.282418448100249,1.28399835594582,1.3694798557665,0.0854814998206817,1.9426635929936,0.573183737227104,3.1762382460792
Leipzig,Schleußig,2.10926936310231,0.325981595037413,0.33896992977819,0.0129883347407763,0.560243828884772,0.221273899106582,0.687582991347639,0.714978887894076,0.0273958965464367,1.18170514413378,0.466726256239705,-0.84126431500129
Leipzig,Schönau,3.07286772617895,0.255696760353831,0.2702843930617,0.0145876327078698,0.485325991382599,0.215041598320899,0.785722322579799,0.830548188329164,0.0448258657493655,1.49134257559539,0.660794387266226,-1.52744885278449
Leipzig,Schönefeld-Abtnaundorf,2.91987730841654,0.465198735862408,0.50193205902964,0.0367333231672318,0.721063174279265,0.219131115249625,1.35832323274871,1.46558002952744,0.107256796778732,2.10541600051283,0.63983597098539,2.24614349026249
Leipzig,Schönefeld-Ost,3.19461477435174,0.578517376086366,0.627470535809887,0.0489531597235203,0.839157409369543,0.211686873559656,1.84814015686471,2.00452664416867,0.156386487303959,2.68078465797867,0.676258013810006,3.32645629405281
Leipzig,Seehausen,18.7083208944073,0.130916991986912,0.14116366586886,0.0102466738819477,0.2050826348824,0.0639189690135405,2.4492370966217,2.64093515970552,0.19169806308382,3.83675174325052,1.195816583545,0.797302133024628
Leipzig,Sellerhausen-Stünz,3.00317105166592,0.498186424784431,0.549097128231661,0.05091070344723,0.853559566090718,0.304462437859057,1.49613904924554,1.64903260005821,0.152893550812669,2.56338537975617,0.914352779697953,1.96588399267791
Leipzig,Stötteritz,3.71119349310808,0.397346367184028,0.408116462747123,0.010770095563095,0.723012906323358,0.314896443576235,1.4746292524035,1.51459916097741,0.0399699085739104,2.68324079338041,1.168641632403,0.765928665526956
Leipzig,Südvorstadt,2.40717262146707,0.515418741587325,0.535561581235793,0.0201428396484675,0.763400310291647,0.227838729055855,1.24070188334002,1.28918917546041,0.0484872921203924,1.83763632615352,0.548447150693107,1.36185507471837
Leipzig,Thekla,7.13951663899673,0.242194981561122,0.277474191042098,0.0352792094809757,0.508037253330893,0.230563062288796,1.72915510073714,1.98103160383721,0.251876503100077,3.62714042338611,1.6461088195489,1.10662159405165
Leipzig,Volkmarsdorf,1.04401781206013,0.625848285812551,0.639864250302884,0.0140159644903335,0.897478309655672,0.257614059352788,0.653396758035601,0.668029674616712,0.0146329165811104,0.936983341218138,0.268953666601426,3.25613819907152
Leipzig,Wahren,4.53779333488249,0.231579043083598,0.227141136372498,-0.0044379067111008,0.367979991688036,0.140838855315538,1.05085783820322,1.03071953470875,-0.0201383034944637,1.66981715365208,0.639097618943329,-3.04308812545451
Leipzig,Wiederitzsch,9.74881305669195,0.30518729292036,0.318213203109479,0.0130259101891194,0.51196580138915,0.193752598279671,2.97521386595847,3.10220102928546,0.126987163326984,4.99105888916231,1.88885785987685,0.796462333257544
Leipzig,Zentrum,0.73919363685402,0.794085982371532,0.79041606502931,-0.0036699173422214,0.940310766056201,0.149894701026891,0.58698330528401,0.584270525736859,-0.0027127795471503,0.695071734934073,0.110801209197213,3.75696347534888
Leipzig,Zentrum-Nord,1.30530718258871,0.70023875336533,0.700279000771888,4.02474065577e-05,0.915306680999774,0.215027680227886,0.914026674294732,0.914079209523593,5.25352288603e-05,1.19475638498044,0.280677175456849,4.09964612655168
Leipzig,Zentrum-Nordwest,3.94663683417759,0.278598933069535,0.300775276602064,0.0221763435325285,0.458659680149083,0.15788440354702,1.0995288112148,1.18705078544766,0.0875219742328527,1.81016318802848,0.623112402580827,-1.37771700479846
Leipzig,Zentrum-Ost,1.62400299711164,0.721466836557824,0.772820136724377,0.0513533001665529,0.917677022343784,0.144856885619407,1.17166430488656,1.25506221826861,0.0833979133820556,1.49031023466679,0.235248016398175,5.60629621113767
Leipzig,Zentrum-Süd,1.56249804524625,0.564073677891306,0.590685857338694,0.0266121794473878,0.822282300960136,0.231596443621442,0.88136401908003,0.922945497446316,0.0415814783662859,1.2848144878908,0.361868990444488,1.65816752337442
Leipzig,Zentrum-Südost,3.13258529395085,0.614637498614081,0.667248869040425,0.0526113704263436,0.877278544035453,0.210029674995029,1.92540438926921,2.09021399456137,0.164809605292165,2.74814986574408,0.657935871182703,3.78064241979093
Leipzig,Zentrum-West,1.64562763858003,0.525711880793257,0.541535424763746,0.0158235439704888,0.74952335614205,0.207987931378305,0.865126000963275,0.891165662261398,0.0260396612981228,1.23343635062862,0.342270688367226,1.4464990696672
Stuttgart,Altenburg,0.197916910963203,0.612274667362935,0.614466048905775,0.0021913815428391,0.663968537019324,0.0495024881135493,0.121179510825495,0.121613222291195,0.0004337114657005,0.131410601823622,0.0097973795324263,2.71739885681057
Stuttgart,Am Bismarckturm,0.393751950377169,0.249466672471592,0.331918940913673,0.0824522684420808,0.326233670130358,-0.0056852707833151,0.0982279888397919,0.130693730351883,0.0324657415120913,0.128455143892531,-0.0022385864593526,-0.449039384526453
Stuttgart,Am Pragfriedhof,0.405224801160212,0.425080219472667,0.424391926634167,-0.0006882928385001,0.448691981640376,0.0243000550062089,0.17225304741295,0.171974134084329,-0.0002789133286212,0.181821119042403,0.0098469849580732,1.88106250130653
Stuttgart,Am Rosensteinpark,0.557258504047589,0.830172338315992,0.781382587275408,-0.0487897510405846,0.796230899733867,0.0148483124584593,0.462620595351659,0.435432091673928,-0.0271885036777305,0.44370644006216,0.0082743483882322,5.286549020714
Stuttgart,An der Burg,0.30799568623628,0.3906775742943,0.470926549028673,0.0802489747343728,0.405092448504069,-0.0658341005246044,0.120327007591898,0.145043345634969,0.024716338043071,0.124766726666146,-0.0202766189688238,-0.40652884780569
Stuttgart,Asemwald,0.13432648366107,0.218716190153632,0.204891196974401,-0.013824993179231,0.231495610464152,0.0266044134897515,0.0293793767430834,0.027522314022679,-0.0018570627204043,0.0310959913366225,0.0035736773139434,-3.05511570806442
Stuttgart,Auf der Prag,0.349458359010943,0.781093135166492,0.779626377737986,-0.0014667574285054,0.792776104663281,0.0131497269252943,0.272959525249995,0.272446954605963,-0.0005125706440326,0.277042236598718,0.0045952819927553,4.39206807795124
Stuttgart,Bahnhof Feuerbach,0.559282588517554,0.846194064871143,0.831417312542454,-0.0147767523286885,0.858428895304147,0.0270115827616931,0.473261606989324,0.464997226697052,-0.0082643802922716,0.480104334623968,0.0151071079269159,3.55814711169756
Stuttgart,Benzviertel,0.839309484807974,0.719064924860033,0.700559866417837,-0.0185050584421962,0.720769338772341,0.0202094723545038,0.603518011627759,0.587986540560298,-0.0155314710674611,0.604948542390397,0.0169620018300995,6.17250961877874
Stuttgart,Berg,0.646616350549151,0.50931236839556,0.448135741853908,-0.061176626541652,0.544773115969199,0.0966373741152908,0.329329704941482,0.28977189794821,-0.0395578069932713,0.352259204125293,0.0624873061770823,2.18034764656715
Stuttgart,Bergheim,0.583396423801177,0.386727938753025,0.372577288521842,-0.0141506502311828,0.444092947082623,0.0715156585607804,0.225615696452515,0.217360257713182,-0.0082554387393333,0.259082237163327,0.0417219794501453,-0.0613896097135534
Stuttgart,Birkach-Nord,0.585273793369418,0.242032281499732,0.274404028644529,0.0323717471447974,0.2482029814241,-0.0262010472204285,0.141655151511203,0.160601486760634,0.0189463352494312,0.145266700463683,-0.0153347862969515,-0.157886462648692
Stuttgart,Birkach-Süd,1.54810442011191,0.177583112394094,0.174890468732406,-0.0026926436616882,0.23306889396066,0.0581784252282539,0.274917201234528,0.270748707680082,-0.0041684935544459,0.360814984931092,0.0900662772510104,
Stuttgart,Birkenäcker,1.5114081420494,0.285526648584062,0.319954822560811,0.0344281739767485,0.374092326796149,0.0541375042353384,0.431547301442028,0.483582323906379,0.0520350224643508,0.565406188597903,0.0818238646915242,0.88637121091937
Stuttgart,Bopser,2.00208923241522,0.134557925307183,0.159684886487099,0.025126961179916,0.13421404129966,-0.0254708451874388,0.269396973393643,0.319703391815268,0.050306418421625,0.268708486924982,-0.0509949048902863,-3.75054218885609
Stuttgart,Botnang-Nord,0.426971288512868,0.427792709298733,0.451618782823602,0.0238260735248687,0.453986325243057,0.0023675424194546,0.182655204305691,0.192828253618806,0.0101730493131155,0.19383912625625,0.0010108726374434,
Stuttgart,Botnang-Ost,0.3135452272363,0.733749405761068,0.711067358297679,-0.0226820474633886,0.727203670658601,0.0161363123609225,0.230063624163854,0.222951776437761,-0.0071118477260927,0.228011240163723,0.0050594637259613,
Stuttgart,Botnang-Süd,0.772415251652193,0.511156048040006,0.499285240951509,-0.0118708070884969,0.51645883614052,0.0171735951890106,0.394824727480362,0.385655535035786,-0.0091691924445759,0.398920681885478,0.0132651468496925,
Stuttgart,Botnang-West,0.623977220888669,0.458866415332046,0.463122615993887,0.0042562006618407,0.488604290585599,0.0254816745917124,0.286322190598036,0.288977962858556,0.0026557722605199,0.304877947353882,0.0158999844953261,
Stuttgart,Bruckwiesen,0.142929242224962,0.857794596590235,0.80814137471816,-0.0496532218720744,0.92706433030115,0.118922955582989,0.122603931675309,0.115507034299105,-0.0070968973762034,0.132504602223735,0.0169975679246294,
Stuttgart,Burgholzhof,0.519684374538619,0.436440785435657,0.429088105346989,-0.0073526800886684,0.57900620794496,0.149918102597972,0.226811456602273,0.222990383649211,-0.0038210729530622,0.300900479029854,0.0779100953806435,1.46358121229174
Stuttgart,Büsnau,2.58164869746545,0.120019907843148,0.130421423579496,0.0104015157363473,0.150732325274045,0.0203109016945492,0.309849238753187,0.336702298305595,0.0268530595524075,0.389137911209677,0.0524356129040817,
Stuttgart,Cannstatt-Mitte,0.391919230605963,0.814147785571311,0.816983734504045,0.0028359489327345,0.85572810045655,0.0387443659525042,0.319080173720656,0.320191636644412,0.0011114629237551,0.335376298738833,0.0151846620944213,4.33211775229809
Stuttgart,Chausseefeld,0.0658423109338842,0.686635785831589,0.67225363236345,-0.0143821534681392,0.758619652793334,0.0863660204298848,0.0452096869090554,0.0442627326885073,-0.000946954220548,0.049949271059774,0.0056865383712666,1.92053178696783
Stuttgart,Dachswald,1.67146866971303,0.310401300700532,0.297188198464223,-0.0132131022363095,0.356111168225414,0.058922969761191,0.518826049159113,0.496740762741406,-0.0220852864177065,0.595228660623685,0.0984878978822791,
Stuttgart,Degerloch,2.51800130803881,0.336608881983801,0.350749460627371,0.0141405786435695,0.335753206347131,-0.0149962542802396,0.847581605132694,0.883187600653628,0.0356059955209338,0.845427012760302,-0.037760587893326,-0.941501419608142
Stuttgart,Diemershalde,0.251516659243736,0.651645817067865,0.659181074643352,0.0075352575754866,0.638696700358459,-0.0204843742848924,0.163899778919064,0.165795021730992,0.0018952428119274,0.160642860344157,-0.0051521613868344,2.27142105928
Stuttgart,Dobel,0.33215369397882,0.633683457965185,0.6606234360839,0.0269399781187151,0.614471862747725,-0.0461515733361751,0.210480301376409,0.219428514624248,0.0089482132478398,0.204099099057703,-0.015329415566545,2.07759770361808
Stuttgart,Dürrlewang,0.508554402610563,0.395709022832408,0.342083612201994,-0.0536254106304143,0.530978751499245,0.188895139297251,0.201239565714145,0.173968127046249,-0.0272714386678965,0.270031581767601,0.0960634547213524,0.603212991468728
Stuttgart,Espan,1.158768098604,0.433236900842523,0.45964226314125,0.0264053622987261,0.521050756606558,0.0614084934653086,0.502021099834382,0.532618791298227,0.0305976914638447,0.603776994509159,0.071158203210932,0.459032713906943
Stuttgart,Europaviertel,0.197563236443362,0.972630583482925,0.921834983300634,-0.0507956001822917,0.984356589310186,0.0625216060095524,0.192156045936683,0.182120702767586,-0.0100353431690966,0.19447267359847,0.0123519708308839,5.15300718012807
Stuttgart,Fasanenhof,1.22154611973825,0.430904906358517,0.421772962721277,-0.0091319436372395,0.523859065428559,0.102086102707282,0.52637021633842,0.515215126022681,-0.0111550903157383,0.639918008663962,0.124702882641281,
Stuttgart,Fasanenhof-Ost,0.510284546506331,0.663130007804118,0.649619694849929,-0.0135103129541886,0.691799313906299,0.0421796190563697,0.338384995307064,0.331490891388077,-0.0068941039189867,0.353014499170067,0.0215236077819894,
Stuttgart,Feuerbach-Mitte,0.598774928824825,0.784223805414164,0.802202036035719,0.0179782306215546,0.816905673304661,0.0147036372689425,0.469573553269599,0.480338467030417,0.0107649137608176,0.489142636389594,0.0088041693591771,4.05356101208964
Stuttgart,Feuerbach-Ost,0.929386177380261,0.881231009236115,0.874297363895832,-0.0069336453402826,0.892931944213093,0.0186345803172611,0.819003919062902,0.812559884924787,-0.0064440341381157,0.829878606292931,0.0173187213681447,5.12148919578819
Stuttgart,Feuerbacher Tal,5.03890869926433,0.0751361374300765,0.0888720269557149,0.0137358895256384,0.0839904845649766,-0.0048815423907383,0.378604136525533,0.447818029748406,0.0692138932228731,0.423220383329887,-0.0245976464185189,
Stuttgart,Feuersee,0.53629375215257,0.796423462616587,0.778305849418404,-0.0181176131981831,0.800002138742434,0.0216962893240304,0.427116927068991,0.417400564306889,-0.0097163627621025,0.429036148716261,0.011635584409372,4.27911952619721
Stuttgart,Flohberg,0.249076611348844,0.38942879393914,0.396226082083707,0.0067972881445675,0.36939162886976,-0.0268344532139477,0.0969976043560282,0.0986906498534388,0.0016930454974105,0.0920068151795096,-0.0066838346739292,0.938753911248856
Stuttgart,Frauenkopf,1.38312679685333,0.0981103489793747,0.107750130824929,0.0096397818455545,0.0997035331469392,-0.0080465976779901,0.135699052722005,0.149032093308412,0.0133330405864068,0.137902628436486,-0.0111294648719259,-4.2626033763838
Stuttgart,Freiberg,0.899803592790776,0.387771447480742,0.511670539519942,0.1238990920392,0.494676206693559,-0.016994332826383,0.348918141624851,0.460402989785239,0.111484848160387,0.445111428050977,-0.0152915617342617,0.721537316194211
Stuttgart,Gablenberg,1.30635180711683,0.406216627122042,0.42450729955571,0.0182906724336683,0.388436397826499,-0.0360709017292111,0.530661824921781,0.554555877908886,0.0238940529871045,0.507434590250597,-0.0471212876582884,-0.092473948162793
Stuttgart,Gaisburg,2.71428913485892,0.470917563518283,0.444669285055454,-0.0262482784628289,0.481518395061796,0.0368491100063422,1.27820642607191,1.2069610090315,-0.071245417040408,1.30698014795094,0.100019138919436,1.41897998560554
Stuttgart,Gänsheide,0.852869054934795,0.475904863112336,0.524232805705986,0.0483279425936496,0.493959370659231,-0.0302734350467553,0.405884530841491,0.44710193756828,0.041217406726789,0.421282661630324,-0.0258192759379561,0.824787112262608
Stuttgart,Gehrenwald,0.619476684317288,0.355693155786452,0.380762184411193,0.0250690286247408,0.35059726624785,-0.0301649181633424,0.220343616780944,0.235873295512453,0.0155296787315096,0.217186832025924,-0.0186864634865297,0.748421256709124
Stuttgart,Giebel,0.592824762806381,0.458431936488758,0.444562016674666,-0.0138699198140917,0.56818667469408,0.123624658019414,0.271769804011818,0.263547372087885,-0.0082224319239324,0.336835130655264,0.073287758567379,0.979161396625097
Stuttgart,Hafen,1.26181996600136,0.768179020785958,0.77037196998891,0.0021929492029513,0.778106382029824,0.0077344120409139,0.969303625891097,0.972070732979808,0.0027671070887107,0.981830168518315,0.0097594355385065,
Stuttgart,Haigst,0.502493980993769,0.319837578170758,0.348984994891487,0.0291474167207285,0.324529023906672,-0.0244559709848143,0.16071645792643,0.175362859390113,0.0146464014636832,0.163073881170886,-0.0122889782192274,-1.05144539747763
Stuttgart,Hallschlag,0.961907113082088,0.578013010904083,0.588917094025878,0.0109040831217948,0.677398650976919,0.0884815569510408,0.555994826642632,0.566483541759125,0.0104887151164928,0.651594580766908,0.0851110390077839,2.84245293645848
Stuttgart,Hasenberg,0.551226461126757,0.386805785751981,0.42364944671084,0.036843660958859,0.365769355311796,-0.0578800913990448,0.213217584423419,0.233526785268725,0.0203092008453059,0.201621747317137,-0.0319050379515887,0.689746866875468
Stuttgart,Hauptbahnhof,0.497640028482687,0.914436823162102,0.900118206442516,-0.0143186167195857,0.919590787616039,0.0194725811735231,0.455060366724006,0.447934849891839,-0.0071255168321672,0.457625185741662,0.0096903358498234,5.9422909223833
Stuttgart,Hausen,1.07929631220459,0.2668866189391,0.212740622412416,-0.0541459965266837,0.349808280730943,0.137067658318527,0.288049743597722,0.229610169225829,-0.0584395743718922,0.377546787371535,0.147936618145705,1.31025027159847
Stuttgart,Hedelfingen,3.04045882561878,0.215769397214977,0.217847464844304,0.0020780676293274,0.236055610174019,0.0182081453297148,0.656037968060722,0.662356247124543,0.0063182790638213,0.717717363290424,0.0553611161658807,-0.698486307255428
Stuttgart,Heerstraße,0.967757317048943,0.605271146078974,0.55041095348439,-0.0548601925945834,0.732330008287478,0.181919054803088,0.585755580416526,0.532664227618404,-0.0530913527981223,0.70871772401472,0.176053496396316,
Stuttgart,Heilbronner Straße,0.285678094042884,0.778344019609201,0.740254254891914,-0.0380897647172869,0.82009485645246,0.0798406015605461,0.222355836031634,0.211474424644657,-0.0108814113869764,0.234283135525711,0.0228087108810541,3.75143866171854
Stuttgart,Heslach,1.03805333613789,0.54186324839562,0.56147428192982,0.0196110335341999,0.584255792283815,0.022781510353995,0.562482952727589,0.582840251512877,0.0203572987852883,0.606488674338101,0.0236484228252245,2.99860973489085
Stuttgart,Heumaden,3.24365184145227,0.234350965177433,0.242545898626663,0.0081949334492295,0.248810020532979,0.006264121906316,0.7601529397439,0.786734450717072,0.0265815109731721,0.807053081273575,0.0203186305565037,-1.65323772364478
Stuttgart,Heusteigviertel,0.210376321327973,0.927260842613564,0.919901782720802,-0.0073590598927617,0.904417709191136,-0.0154840735296655,0.195073724980518,0.193525553031847,-0.0015481719486714,0.190268070603504,-0.0032574824283428,4.4765027519163
Stuttgart,Hofen,2.2716950427349,0.213590476052376,0.255897220248539,0.0423067441961631,0.240279886271748,-0.0156173339767911,0.48521242562357,0.581320446688247,0.0961080210646773,0.545842626512435,-0.0354778201758117,-1.58777021800034
Stuttgart,Hoffeld,1.44356554238507,0.210080156352673,0.214528104566795,0.0044479482141215,0.282308692212553,0.067780587645758,0.303264474849587,0.309685379625806,0.0064209047762191,0.407531100393833,0.0978457207680272,-0.215545357812109
Stuttgart,Hohe Warte,1.26798649442143,0.299990642399289,0.345210208102642,0.0452195657033537,0.318796607406313,-0.0264136006963295,0.380384083015108,0.437721881610563,0.0573377985954551,0.404229792658577,-0.0334920889519864,-0.856495230443573
Stuttgart,Hohenheim,1.5660326945197,0.154236360385404,0.163060951500594,0.0088245911151894,0.216757713597643,0.0536967620970487,0.241539183047267,0.255358781249422,0.0138195982021548,0.339449666283246,0.0840908850338247,
Stuttgart,Höhenrand,0.419046129421679,0.487659786310917,0.426495933857841,-0.0611638524530763,0.556882231264924,0.130386297407083,0.204351945928193,0.178721470297213,-0.0256304756309803,0.233359343555275,0.0546378732580619,1.10025724921279
Stuttgart,Hölderlinplatz,0.461658108928516,0.518312378302007,0.589831869266891,0.0715194909648839,0.58528379319472,-0.004548076072171,0.239283112401146,0.272300665351524,0.0330175529503783,0.270201009152783,-0.0020996561987415,2.8103643282319
Stuttgart,Im Geiger,1.46650302474544,0.308519734269092,0.330268832720613,0.0217490984515214,0.376649503674848,0.0463806709542349,0.452445123499283,0.484340242163926,0.0318951186646426,0.552357636408034,0.0680173942441086,-0.0475589100962231
Stuttgart,Kaltental,1.85848829442243,0.240748290719098,0.247858515720554,0.007110225001456,0.266312396921239,0.0184538812006846,0.447427880203653,0.460642150139569,0.0132142699359159,0.494938472337703,0.0342963221981345,-0.958482865421624
Stuttgart,Karlshöhe,0.53541254355287,0.64787361448574,0.659002084739999,0.0111284702542593,0.681343082065704,0.0223409973257049,0.346879659832601,0.352837982397287,0.0059583225646854,0.36479963260095,0.0119616502036635,3.30712764070743
Stuttgart,Kernerviertel,0.557502615173526,0.673505357316066,0.665755051538587,-0.0077503057774791,0.676295182597566,0.010540131058979,0.375480998037087,0.371160182297748,-0.0043208157393391,0.3770363329274,0.0058761506296525,2.80718599364751
Stuttgart,Killesberg,0.98166153295423,0.306825141426568,0.353917636819796,0.0470924953932276,0.416590370184325,0.0626727333645287,0.301198438681703,0.347427329900059,0.0462288912183559,0.408950741409114,0.0615234115090549,-0.0895712918124134
Stuttgart,Kräherwald,3.94866707676671,0.179916346648078,0.207972409327788,0.0280560626797103,0.199643873520261,-0.0083285358075271,0.710429754581411,0.821213805588486,0.110784051007075,0.788327190447631,-0.0328866151408551,
Stuttgart,Kurpark,0.580948727100633,0.498019531245568,0.510659131316822,0.0126396000712538,0.552668433739202,0.0420093024223804,0.289323812748367,0.296666772320823,0.0073429595724559,0.32107202308949,0.0244052507686675,1.50874640802424
Stuttgart,Lauchäcker,5.25502468526067,0.142817953257862,0.139255970384721,-0.0035619828731402,0.18784970315596,0.0485937327712392,0.750511869868467,0.73179356194164,-0.0187183079268277,0.987154827203462,0.255361265261822,
Stuttgart,Lederberg,0.16839694167899,0.279836529219365,0.331586141402686,0.0517496121833215,0.268365892827983,-0.0632202485747035,0.0471236156906043,0.0558380921153494,0.0087144764247451,0.0451919956031838,-0.0106460965121656,-0.399589249765343
Stuttgart,Lehen,0.512477947428969,0.771247534745287,0.772273544148013,0.001026009402726,0.764224946922632,-0.0080485972253812,0.395247353565917,0.395773160758669,0.0005258071927518,0.391648432172923,-0.0041247285857458,3.02330929950909
Stuttgart,Lemberg/Föhrich,1.94437076869598,0.351634111875677,0.382523285259555,0.0308891733838781,0.396283977880509,0.0137606926209532,0.683707088407438,0.743767094204232,0.0600600057967944,0.770522982693424,0.0267558884891918,0.8889341253277
Stuttgart,Lenzhalde,1.23855662471092,0.230012489365938,0.273422352451397,0.043409863085459,0.258296414183147,-0.0151259382682509,0.284883492470434,0.338649065972723,0.0537655735022893,0.319914734925612,-0.0187343310471106,-1.6920824130794
Stuttgart,Lindenschulviertel,0.318291736873657,0.7941529968585,0.785540810490455,-0.0086121863680445,0.816021478688279,0.0304806681978238,0.252772336713511,0.250031148956147,-0.0027411877573645,0.259732893777902,0.0097017448217549,5.29934274862366
Stuttgart,Luginsland,0.69320408948243,0.350738537509462,0.365301617371385,0.014563079861923,0.351026553947018,-0.0142750634243675,0.243133388540646,0.25322857505639,0.0100951865157443,0.243333042712998,-0.0098955323433926,-0.0734090826528033
Stuttgart,Möhringen-Mitte,1.21944586937319,0.646221445501607,0.630174513096874,-0.0160469324047335,0.741075129924748,0.110900616827874,0.788032072417308,0.768463706980245,-0.0195683654370631,0.903701006081934,0.13523729910169,2.51619685928217
Stuttgart,Möhringen-Nord,1.8465825446646,0.209760094316454,0.211793060033438,0.0020329657169841,0.371573442048127,0.159780382014689,0.387339328731964,0.391093367738848,0.0037540390068845,0.686141032147014,0.295047664408166,0.414413638997097
Stuttgart,Möhringen-Ost,1.23540290204022,0.49028987931627,0.491267919377432,0.0009780400611622,0.561389396141059,0.0701214767636273,0.605705539748269,0.606913813278141,0.0012082735298714,0.693542089167272,0.0866282758891311,1.71277373483248
Stuttgart,Möhringen-Süd,3.89880559513865,0.189395159671688,0.176251236233746,-0.0131439234379417,0.305818654918552,0.129567418684806,0.738414908220157,0.687169305978235,-0.0512456022419211,1.19232748289423,0.505158176915993,-0.643819208835197
Stuttgart,Mönchfeld,0.459909742547852,0.356839102977296,0.414233052329133,0.0573939493518366,0.375004830743625,-0.0392282215855076,0.164113779981295,0.190509816451503,0.0263960364702077,0.172468375161502,-0.0180414412900009,1.72095907880306
Stuttgart,Mönchhalde,0.657420197915125,0.379407039227839,0.400227460089179,0.0208204208613396,0.422958295611272,0.022730835522093,0.249429850819557,0.263117616022896,0.0136877652033381,0.278061326410606,0.0149437103877105,1.70557950694954
Stuttgart,Muckensturm,1.22061679388552,0.245262697008585,0.258346123965929,0.0130834269573447,0.321840022783433,0.0634938988175033,0.299371766882335,0.315341617548045,0.0159698506657095,0.392843336753958,0.0775017192059128,-1.12616555519285
Stuttgart,Mühlhausen,4.56287162604934,0.148410278038424,0.160569705036757,0.0121594269983331,0.242155588716598,0.0815858836798405,0.677177046675619,0.732658951115331,0.0554819044397122,1.10492486484424,0.372265913728906,0.961176466281938
Stuttgart,Münster,2.24635271777922,0.364597306921376,0.400400004576174,0.0358026976547986,0.437716926838891,0.0373169222627166,0.819014151297815,0.8994396384785,0.0804254871806844,0.983266608222509,0.0838269697440091,0.614392705147745
Stuttgart,Neckarvorstadt,1.47318167528438,0.441359915340885,0.42678977736711,-0.0145701379737744,0.48739864825662,0.0606088708895097,0.650203339485259,0.628738879215929,-0.0214644602693296,0.718026757170032,0.0892878779541029,2.06601821358818
Stuttgart,Neue Vorstadt,0.380223288737413,0.9013145165272,0.901490657204888,0.0001761406776878,0.913500111164996,0.0120094539601086,0.342700769660744,0.342767742448495,6.69727877509e-05,0.347334016529148,0.004566274080653,5.45038427812609
Stuttgart,Neugereut,0.818847289625846,0.473274508844125,0.519884612986135,0.0466101041420103,0.529288740777728,0.0094041277915931,0.387539548816015,0.425706106261879,0.0381665574458636,0.43340665081532,0.0077005445534411,0.709148229900296
Stuttgart,Neuwirtshaus,0.361575691401585,0.423137399948619,0.464302177489738,0.0411647775411183,0.494842595794215,0.0305404183044776,0.152996197944291,0.167880380845113,0.0148841829008223,0.178923053709248,0.0110426728641351,
Stuttgart,Nordbahnhof,0.43341954284639,0.735183171215843,0.719743349887316,-0.0154398213285269,0.737386613818476,0.0176432639311601,0.31864275397673,0.31195083367489,-0.0066919203018401,0.319597769062252,0.0076469353873616,2.92229959606478
Stuttgart,Oberer Schlossgarten,0.36671682314889,0.731116303329469,0.708629347006781,-0.0224869563226886,0.810714424366866,0.102085077360086,0.268112648109343,0.259866302924399,-0.0082463451849442,0.297302618184798,0.0374363152603992,4.9538116353325
Stuttgart,Obertürkheim,1.37875921321129,0.477869051697574,0.469769235627707,-0.0080998160698666,0.494259843304148,0.0244906076764405,0.658866357736574,0.647698661704929,-0.0111676960316455,0.681465312675964,0.0337666509710355,3.15452965097097
Stuttgart,Österfeld,0.653710448349343,0.469967586562055,0.436328294608868,-0.0336392919531873,0.567036860612451,0.130708566003583,0.30722272172114,0.285232365096267,-0.0219903566248725,0.370677920381569,0.0854455552853021,
Stuttgart,Ostheim,1.01549640015511,0.749910711618659,0.722791070382622,-0.0271196412360369,0.745952853113955,0.0231617827313334,0.761531628086507,0.733991730037813,-0.0275398980486937,0.757512437022657,0.0235207069848439,4.26721013779966
Stuttgart,Pfaffenwald,2.58381971456961,0.280668891947536,0.275289242668079,-0.005379649279457,0.342218587019117,0.0669293443510373,0.725197816280453,0.711297772414722,-0.0139000438657312,0.88423113183215,0.172933359417428,
Stuttgart,Plieningen,11.0802683448498,0.170910359177385,0.171441358466425,0.0005309992890403,0.271411743026031,0.0999703845596055,1.8937326426001,1.89961625721359,0.0058836146134915,3.00731494467185,1.10769868745826,
Stuttgart,Pragstraße,0.363466780988459,0.803154264120181,0.799007416311741,-0.0041468478084402,0.871245198734143,0.0722377824224025,0.291919895016916,0.290412653592734,-0.0015072414241828,0.316668687835549,0.0262560342428153,5.01519105179132
Stuttgart,Rathaus,0.542911992027583,0.941680233264488,0.920357186247115,-0.0213230470173733,0.944535415374725,0.02417822912761,0.511249491294622,0.499672953362322,-0.0115765379322999,0.512799603901692,0.0131266505393701,5.67432991173006
Stuttgart,Relenberg,0.802759196602223,0.519061607668017,0.55090050570271,0.0318388980346926,0.547154511890233,-0.0037459938124768,0.416681479158636,0.442240447365665,0.0255589682070299,0.439233316382285,-0.0030071309833808,2.46633204297152
Stuttgart,Riedenberg,1.17339323461046,0.357406095805372,0.356609508529278,-0.0007965872760934,0.342206741093584,-0.0144027674356942,0.419377894826562,0.418443184706017,-0.0009347101205448,0.401543074837306,-0.0169001098687114,-0.0256544680234124
Stuttgart,Rohr,2.08717601767686,0.427279595638484,0.420912724125014,-0.0063668715134703,0.498891220576488,0.0779784964514736,0.891807724859309,0.878518943328764,-0.0132887815305452,1.04127379101678,0.162754847688016,-0.643857182923261
Stuttgart,Rohracker,2.76998766785332,0.095874781939285,0.11201842047346,0.0161436385341747,0.102084100928312,-0.0099343195451474,0.265571963629946,0.310289643283891,0.0447176796539455,0.282771700655319,-0.0275179426285728,-2.67314217149105
Stuttgart,Rosenberg,0.532219830114836,0.876890418903446,0.857235267000758,-0.0196551519026872,0.907667549903106,0.0504322829023481,0.466698469778119,0.45623760817159,-0.0104608616065295,0.483078669210181,0.0268410610385911,5.15549107579062
Stuttgart,Rosental,2.2108498016924,0.242485950819956,0.227928199118794,-0.0145577517011617,0.296613470471239,0.0686852713524443,0.536100016283494,0.503915013821893,-0.0321850024616007,0.655767832370634,0.15185281854874,
Stuttgart,Rot,1.55299531109901,0.429735913349339,0.482417485914092,0.0526815725647532,0.460541402065787,-0.021876083848305,0.667377858442375,0.749192093616759,0.0818142351743842,0.715218637975133,-0.0339734556416266,1.38951280563168
Stuttgart,Rotebühl,0.50373072547139,0.750227205464455,0.751970205309929,0.0017429998454741,0.756097201882948,0.0041269965730186,0.377912494476984,0.378790497053641,0.0008780025766571,0.380869392031386,0.0020788949777446,4.24069484136216
Stuttgart,Rotenberg,1.28600559850687,0.1136677144923,0.115049716164035,0.0013820016717348,0.117705429221583,0.002655713057548,0.146177317206579,0.147954579093576,0.0017772618869969,0.15136984095361,0.0034152618600346,-2.64537803832493
Stuttgart,Schmidener Vorstadt,0.657056165498564,0.648425650244368,0.658378943398043,0.0099532931536752,0.67860348462696,0.0202245412289163,0.426052071360478,0.432591943994115,0.0065398726336369,0.445880603502954,0.0132886595088393,2.44908061988515
Stuttgart,Schönberg,0.947325521279785,0.168674673608866,0.187524388748286,0.01884971513942,0.292500643978431,0.104976255230145,0.159789823103216,0.177646639323643,0.0178568162204265,0.27709332503154,0.0994466857078969,0.0641610409672454
Stuttgart,Seelberg,0.553154282682981,0.740794832429926,0.730472910236005,-0.0103219221939204,0.78873947757273,0.0582665673367245,0.409773834148035,0.404064218680947,-0.0057096154670875,0.436294619940493,0.0322304012595455,
Stuttgart,Siegelberg,0.887152716981618,0.849870709474793,0.838493440390791,-0.0113772690840022,0.888663622056819,0.0501701816660278,0.753965108993658,0.743871733813954,-0.0100933751797035,0.788380346790432,0.0445086129764779,7.32690395238797
Stuttgart,Sillenbuch,2.99959512867102,0.254997839461898,0.281720967604249,0.0267231281423508,0.249262914493002,-0.032458053111247,0.764890277071546,0.845048842070193,0.0801585649986471,0.747687824071551,-0.0973610179986419,-1.75824993259092
Stuttgart,Solitude,4.05258011929179,0.0078044231030188,0.0104791700360657,0.0026747469330468,0.027811142505907,0.0173319724698413,0.0316280499098357,0.0424676761548382,0.0108396262450025,0.112706883214229,0.0702392070593913,
Stuttgart,Sommerrain,0.580385465749726,0.605983358238444,0.626302976349986,0.0203196181115416,0.655724224097284,0.0294212477472982,0.351703933607802,0.363497144629326,0.0117932110215236,0.38057280920608,0.0170756645767537,0.95793791218188
Stuttgart,Sonnenberg,1.82724455198718,0.210216224982924,0.238407359473267,0.0281911344903428,0.250098869037834,0.0116915095645677,0.384116451839359,0.435628548751176,0.0515120969118168,0.456991795907538,0.0213632471563624,-1.28868390549572
Stuttgart,Stammheim-Mitte,3.10729987309469,0.318700883279661,0.317869404153962,-0.0008314791256985,0.419425354348001,0.101555950194039,0.990299214170054,0.98771555918829,-0.0025836549817639,1.30328035033824,0.315564791149947,1.66114762017248
Stuttgart,Stammheim-Süd,1.15241322716362,0.446589480696492,0.500206553272817,0.0536170725763247,0.552927331038731,0.0527207777659143,0.514655624666769,0.576444648305517,0.0617890236387482,0.63720076994931,0.0607561216437932,1.56744219771353
Stuttgart,Steckfeld,0.262631503357045,0.558032389901221,0.580559869867876,0.0225274799666546,0.597130797807221,0.0165709279393456,0.146556885481683,0.152473311412171,0.0059164259304882,0.156825359128902,0.0043520477167315,2.38915788170852
Stuttgart,Steinhaldenfeld,0.664607287716534,0.534517590725914,0.568631199843081,0.0341136091171674,0.60551233178025,0.0368811319371689,0.355244286209126,0.377916439438709,0.0226721532295827,0.402427908503386,0.0245114690646775,0.48010671948676
Stuttgart,Sternhäule,2.55738170239788,0.21166961151724,0.232992326177226,0.0213227146599859,0.283796249533175,0.0508039233559491,0.541319991447858,0.595850311764757,0.0545303203168991,0.725775335765286,0.129925024000529,
Stuttgart,Stöckach,0.732490583278285,0.528713821359227,0.53313091687813,0.0044170955189029,0.560163036071157,0.0270321191930275,0.387277895394711,0.390513376267748,0.003235480873037,0.410314149022697,0.0198007727549488,3.19490311035496
Stuttgart,Südheim,2.9508196646064,0.176199590800845,0.193081627405163,0.0168820366043178,0.179756218974346,-0.0133254084308175,0.519933217430736,0.569749063021362,0.0498158455906262,0.530428185784794,-0.0393208772365683,
Stuttgart,Tränke,0.35709656003355,0.592323261574103,0.631182918263484,0.0388596566893815,0.703750059227212,0.0725671409637275,0.211516599135965,0.225393248863828,0.0138766497278629,0.251306725273444,0.0259134764096168,2.70298639599848
Stuttgart,Uhlandshöhe,0.400566821051511,0.445931741910973,0.464537453302096,0.0186057113911227,0.469644025948255,0.0051065726461596,0.178625460263242,0.186078290928585,0.0074528306653439,0.188123814499926,0.0020455235713407,1.72907000529159
Stuttgart,Uhlbach,3.96453216276911,0.086810301572746,0.108366184829929,0.0215558832571826,0.112609695573826,0.0042435107438977,0.344162232644837,0.429621225114834,0.0854589924699966,0.446444759942073,0.0168235348272389,-3.10672504871197
Stuttgart,Universität,0.455714662230379,0.73561832171543,0.735257724498902,-0.0003605972165272,0.751312262506302,0.0160545380073996,0.335232055011025,0.335067725572294,-0.0001643294387309,0.342384013937601,0.0073162883653069,4.56200791803362
Stuttgart,Untertürkheim,1.91050856656692,0.418616242957794,0.40625896402378,-0.0123572789340134,0.491951364498431,0.0856924004746505,0.799769918274923,0.776161231012034,-0.0236086872628895,0.939877296208537,0.163716065196503,2.21253805984883
Stuttgart,Vaihingen-Mitte,0.92210366931672,0.726456301122228,0.679753002452077,-0.0467032986701509,0.808743268508322,0.128990266056245,0.669868020863059,0.626802737790118,-0.0430652830729408,0.745745135426722,0.118942397636604,
Stuttgart,Veielbrunnen,0.895153397709262,0.862905803623379,0.835757708777393,-0.0271480948459865,0.968512142740743,0.13275443396335,0.772433062016509,0.748131352673791,-0.0243017093427181,0.866966935297053,0.118835582623262,
Stuttgart,Vogelsang,0.408097624452257,0.75857576933023,0.758921644685803,0.0003458753555727,0.779096937133908,0.0201752924481049,0.30957296943071,0.309714120341676,0.0001411509109658,0.317947609262377,0.0082334889207011,4.25757976466903
Stuttgart,Waldau,3.19982902012605,0.146574993528773,0.15413689300664,0.0075618994778673,0.202126555727942,0.0479896627213015,0.469014917918156,0.493211703314712,0.024196785396556,0.646770418756394,0.153558715441682,-2.81843410614565
Stuttgart,Wallgraben-Ost,0.706652692493745,0.780718982951392,0.751730929871411,-0.0289880530799806,0.856159237595805,0.104428307724393,0.551697171383579,0.531212685624459,-0.0204844857591199,0.605007230450467,0.073794544826008,4.73820435659326
Stuttgart,Wallgraben-West,0.685430279166051,0.826999764971508,0.789967365715893,-0.0370323992556146,0.934783459368155,0.144816093652262,0.566850679774679,0.541467552014715,-0.0253831277599646,0.640728887514522,0.0992613354998071,3.3892975622979
Stuttgart,Wangen,3.45866802013061,0.445651073140059,0.446005045246828,0.0003539721067691,0.462695290711899,0.0166902454650714,1.54135911480641,1.54258338681211,0.0012242720057006,1.60030940505028,0.0577260182381723,
Stuttgart,Wasen,1.99294615605698,0.594409464865373,0.567821786763957,-0.026587678101416,0.640014405769687,0.0721926190057306,1.18462605812733,1.13163824725663,-0.0529878108706975,1.27551424979979,0.143876002543157,
Stuttgart,Weilimdorf,6.62404952237759,0.231386012776807,0.212681005010085,-0.0187050077667215,0.258013277978244,0.0453322729681592,1.53271240741906,1.40880950965584,-0.123902897763221,1.70909273075887,0.300283221103026,
Stuttgart,Weilimdorf-Nord,2.27720862392871,0.552097852623245,0.501936837706976,-0.0501610149162691,0.621023248623612,0.119086410916636,1.25724199124617,1.14301489549383,-0.114227095752345,1.41419949742591,0.271184601932081,4.11694208897072
Stuttgart,Weinsteige,0.625448712221649,0.314108798616019,0.390970368885748,0.0768615702697286,0.297522262130728,-0.0934481067550194,0.196458943591878,0.244531913736414,0.0480729701445355,0.186084915706936,-0.058446998029478,-1.3155583842216
Stuttgart,Weißenhof,0.732096020314371,0.414537052627977,0.421504652119769,0.006967599491792,0.441389221731473,0.0198845696117042,0.303480926501791,0.308581878360877,0.0051009518590853,0.323139292639269,0.0145574142783927,0.745919972186764
Stuttgart,Wildpark,7.64654455412444,0.0243960346565524,0.0327966976406641,0.0084006629841117,0.0995012121393254,0.0667045144986613,0.186545365945291,0.250781409737486,0.0642360437921947,0.760840451812739,0.510059042075253,
Stuttgart,Winterhalde,0.451176769333595,0.595725219393734,0.638836855224975,0.0431116358312414,0.704063730010448,0.0652268747854725,0.268777379896612,0.288228348471638,0.019450968575026,0.317657199111075,0.0294288506394364,
Stuttgart,Wolfbusch,1.34750342522562,0.301024526605305,0.271915877471667,-0.0291086491336385,0.313762636818504,0.0418467593468368,0.405631580677571,0.366407576266302,-0.0392240044112688,0.422796227820757,0.0563886515544549,-1.6038939297399
Stuttgart,Zazenhausen,2.2625215093914,0.21149990945916,0.211557843951843,5.7934492683e-05,0.281453238219474,0.0698953942676313,0.478523094385683,0.478654172421514,0.0001310780358311,0.636794005359423,0.158139832937908,1.00391185613908
Stuttgart,Zuffenhausen-Am Stadtpark,2.39526841696385,0.27663328699739,0.274863571227552,-0.0017697157698373,0.314030058165788,0.0391664869382357,0.662610975425743,0.658372031135249,-0.0042389442904943,0.752186280301832,0.093814249166583,-0.724966236739655
Stuttgart,Zuffenhausen-Elbelen,0.214081599732153,0.479948439332447,0.504132033603332,0.024183594270885,0.581305840149047,0.0771738065457154,0.10274812968124,0.107925392230025,0.0051772625487843,0.124446884192751,0.0165214919627265,
Stuttgart,Zuffenhausen-Frauensteg,0.751435803892463,0.394452271139309,0.43457209408749,0.0401198229481811,0.484230640548753,0.049658546461263,0.296405559460774,0.326553030869864,0.0301474714090897,0.363868240650114,0.0373152097802504,1.56384528428474
Stuttgart,Zuffenhausen-Hohenstein,0.336178641216645,0.877963258050164,0.883988263587132,0.0060250055369682,0.920198657207024,0.0362103936198913,0.295152495129443,0.297177973304184,0.0020254781747407,0.309351134229238,0.0121731609250549,5.57352248543682
Stuttgart,Zuffenhausen-Im Raiser,0.328783552077533,0.417027272417518,0.378540834467429,-0.038486437950089,0.542859134297041,0.164318299829612,0.137111707938637,0.124458000162595,-0.0126537077760418,0.178483154451916,0.054025154289321,0.919987312115082
Stuttgart,Zuffenhausen-Mitte,1.56995207439919,0.389067081573086,0.419240110306027,0.0301730287329409,0.465103973801821,0.0458638634957942,0.610816671796105,0.658186880846292,0.0473702090501869,0.730190948481475,0.0720040676351833,1.89774372449837
Stuttgart,Zuffenhausen-Mönchsberg,0.961396304837145,0.323467000045236,0.365590999875257,0.0421239998300208,0.38352559649046,0.017934596615203,0.310979978580247,0.351477836361789,0.0404978577815425,0.36872009127639,0.017242254914601,0.445232532246731
Stuttgart,Zuffenhausen-Schützenbühl,1.23561870011195,0.864161629345972,0.844116318786287,-0.0200453105596851,0.895300814724947,0.0511844959386597,1.0677742691391,1.043005908562,-0.0247683605770985,1.10625042889961,0.0632445203376122,
